﻿<?xml version="1.0"?>
<game>
<levels>
  <level>
    	<platforms>
			<platform>
				<jump>false</jump>
				<x>-5</x>
				<y>-5</y>
				<width>610</width>
				<height>25</height>
			</platform>
			<platform>
				<jump>false</jump>
				<x>9</x>
				<y>192</y>
				<width>350</width>
				<height>25</height>
			</platform>
			<platform>
				<jump>false</jump>
				<x>232</x>
				<y>374</y>
				<width>350</width>
				<height>25</height>
			</platform>
   	 		<platform>
				<jump>false</jump>
				<x>-5</x>
				<y>574</y>
				<width>610</width>
				<height>25</height>
			</platform>
		</platforms>
		<walls>
			<wall>
				<x>-8</x>
				<y>-7</y>
				<width>25</width>
				<height>610</height>
			</wall>
			<wall>
				<x>578</x>
				<y>-7</y>
				<width>25</width>
				<height>610</height>
			</wall>
			<wall>
				<x>219</x>
				<y>510</y>
				<width>77</width>
				<height>90</height>
			</wall>
		</walls>
		<jails>
			<jail>
				<x>18</x>
				<y>79</y>
				<width>115</width>
				<height>115</height>
			</jail>
		</jails>
	</level>
	<level>
		<platforms>
    		<platform>
				<jump>false</jump>
				<x>-3</x>
				<y>580</y>
				<width>620</width>
				<height>25</height>
			</platform>
			<platform>
				<jump>false</jump>
				<x>157</x>
				<y>-4</y>
				<width>442</width>
				<height>25</height>
			</platform>
			<platform>
				<jump>false</jump>
				<x>236</x>
				<y>262</y>
				<width>246</width>
				<height>25</height>
			</platform>
   	 		<platform>
				<jump>false</jump>
				<x>13</x>
				<y>137</y>
				<width>242</width>
				<height>25</height>
			</platform>
		</platforms>
		<walls>
			<wall>
				<x>-4</x>
				<y>-17</y>
				<width>25</width>
				<height>620</height>
			</wall>
			<wall>
				<x>588</x>
				<y>-17</y>
				<width>25</width>
				<height>620</height>
			</wall>
			<wall>
				<x>236</x>
				<y>142</y>
				<width>25</width>
				<height>136</height>
			</wall>
			<wall>
				<x>531</x>
				<y>338</y>
				<width>73</width>
				<height>88</height>
			</wall>
			<wall>
				<x>428</x>
				<y>413</y>
				<width>91</width>
				<height>88</height>
			</wall>
			<wall>
				<x>325</x>
				<y>499</y>
				<width>73</width>
				<height>88</height>
			</wall>
		</walls>
		<boxes>
			<box>
				<x>373</x>
				<y>198</y>
			</box>
		</boxes>
		<ladders>
			<ladder>
				<x>69</x>
				<y>67</y>
				<width>44</width>
				<height>173</height>
			</ladder>
		</ladders>
		<enemies>
			<enemy>
				<x>154</x>
				<y>107</y>
			</enemy>
			<enemy>
				<x>249</x>
				<y>546</y>
			</enemy>
		</enemies>
		<pits>
			<pit>
				<x>390</x>
				<y>500</y>
				<width>200</width>
				<height>88</height>
			</pit>
		</pits>
	</level>
	<level>
    	<platform>
			<jump>true</jump>
			<x>-11</x>
			<y>220.95</y>
			<width>620</width>
			<height>25</height>
		</platform>
		<platform>
			<jump>false</jump>
			<x>289.55</x>
			<y>388.9</y>
			<width>117.95</width>
			<height>25</height>
		</platform>
		<platform>
			<jump>false</jump>
			<x>0</x>
			<y>388.9</y>
			<width>193.95</width>
			<height>25</height>
		</platform>
   	 	<platform>
			<jump>false</jump>
			<x>-13.65</x>
			<y>600</y>
			<width>620</width>
			<height>25</height>
		</platform>
		<platform>
			<jump>false</jump>
			<x>-2.8</x>
			<y>-8.05</y>
			<width>454.2</width>
			<height>25</height>
		</platform>
		<wall>
			<x>499.85</x>
			<y>423.25</y>
			<width>95</width>
			<height>162.1</height>
		</wall>
		<wall>
			<x>581.35</x>
			<y>-8.05</y>
			<width>25</width>
			<height>610</height>
		</wall>
		<wall>
			<x>-13.65</x>
			<y>-7.2</y>
			<width>25</width>
			<height>610</height>
		</wall>
		<box>
			<x>289.55</x>
			<y>147.95</y>
		</box>
		<box>
			<x>221.85</x>
			<y>511.8</y>
		</box>
		<ladder>
			<x>74.95</x>
			<y>346.75</y>
			<width>44.5</width>
			<height>176.4</height>
		</ladder>
		<ladder>
			<x>555.95</x>
			<y>60.2</y>
			<width>44.5</width>
			<height>92.35</height>
		</ladder>
		<enemy>
			<x>224</x>
			<y>187</y>
		</enemy>
		<enemy>
			<x>178.3</x>
			<y>549</y>
		</enemy>
	</level>
	</levels>
</game>
