﻿<?xml version="1.0" ?>
<map>
	<size height = 30 width = 90></size>
	<line1 line  = "FwwwwwwwwwwTwwwwwwwwwwTwwwwwwwwwwwwwwwwwwwwwwwwwwwwwwwwwwwwwwwwwwwwwwwwwwwwwwwwwwwwwwwwww7" ></line1>
	<line2 line  = "W----------W-----K----W------------------------------------------------------------------W" ></line2>
	<line3 line  = "W----------W-----E----W------------------------------------------------------------------W" ></line3>
	<line4 line  = "W-----@----W----------W------------------------------------------------------------------W" ></line4>
	<line5 line  = "W----------W----------W------------------------------------------------------------------W" ></line5>
	<line6 line  = "W-----E----W----------W------------------------------------------------------------------W" ></line6>
	<line7 line  = "}wwwww-wwwwIwwwwwDwwwwJ------------------------------------------------------------------W" ></line7>
	<line8 line  = "W-----K----------------------------------------------------------------------------------W" ></line8>
	<line9 line  = "W----------------------------------------------------------------------------------------W" ></line9>
	<line10 line = "W----------------------------------------------------------------------------------------W" ></line10>
	<line11 line = "W----------------------------------------------------------------------------------------W" ></line11>
	<line12 line = "}wwwwwDwwwwTwwwwwDwwwwTwwwwwwwwwwww-wwwwwwwwww7------------------------------------------W" ></line12>
	<line13 line = "W----------W----------W------------E----------W------------------------------------------W" ></line13>
	<line14 line = "W----------W----------W-----------------------W------------------------------------------W" ></line14>
	<line15 line = "W----------W----------W------E--------E-------W------------------------------------------W" ></line15>
	<line16 line = "W----E-----W-----E----W-----------------------W------------------------------------------W" ></line16>
	<line17 line = "W----K-----W-----K----W-----------------------W------------------------------------------W" ></line17>
	<line18 line = "}wwwwwwwwww8wwwwwwwwww8wwwwwwwwwwwwwwwwwwwwwww{------------------------------------------W" ></line18>
	<line19 line = "W----------W----------W-----------------------W------------------------------------------W" ></line19>
	<line20 line = "W----------W----------W-----------------------W------------------------------------------W" ></line20>
	<line21 line = "W----------W----------W-----------------------W------------------------------------------W" ></line21>
	<line22 line = "W----------W----------W-----------------------W------------------------------------------W" ></line22>
	<line23 line = "W----------W----------W-----------------------W------------------------------------------W" ></line23>
	<line24 line = "}wwwwwDwwwwIwwwwwDwwwwIwwwwwwwwwwwwwwwwwwwwwwwJ------------------------------------------W" ></line24>
	<line25 line = "W----------------------------------------------------------------------------------------W" ></line25>
	<line26 line = "W----------------------------------------------------------------------------------------W" ></line26>
	<line27 line = "W----------------------------------------------------------------------------------------W" ></line27>
	<line28 line = "W----------------------------------------------------------------------------------------W" ></line28>
	<line29 line = "W----------------------------------------------------------------------------------------W" ></line29>
	<line30 line = "LwwwwwwwwwwwwwwwwwwwwwwwwwwwwwwwwwwwwwwwwwwwwwwwwwwwwwwwwwwwwwwwwwwwwwwwwwwwwwwwwwwwwwwwwJ" ></line30>
	<character intel = 5>
		<pos x = 6 y = 3 ></pos>
		<inventory items = ""></inventory>
	</character>
	<enemies>
		<type name="Book" char="<" char2 = 60
		intro = "While walking along, you run into a book. But this is no normal book, this appears to be a SUPER BOOK! OH NO!" 
		option1 = "Eat the book. Looks tasty." 
		option2 = "Burn the book. Just like the good old days." 
		option3 = "Jump on the book. This IS a video game." 
		option4 = "Read the book. Like a good student."
		req1 = 0
		req2 = 1
		req3 = 2
		req4 = 3
		rew1 = -1
		rew2 = -1
		rew3 = 0
		rew4 = 1
		></type>
		<type name="Pencil" char="i" char2 = 105
		intro = "You lost me in the third grade, under Miss Bigbottom's chair! PREPARE TO FEEL MY DULL WRATH! " 
		option1 = "Take the pencil with you. It's gotta still have some use" 
		option2 = "Burn the pencil. Geez, that was messier than I thought.." 
		option3 = "Snap that lousy pencil int two. That should have been done years ago." 
		option4 = "Curse at the pencil. WHAT was that about it's mother?"
		req1 = 0
		req2 = 1
		req3 = 2
		req4 = 3
		rew1 = 1
		rew2 = 0
		rew3 = -1
		rew4 = -1
		></type>
		<type name="Scissors" char="X" char2 = 88
		intro = "A menacing pair of scissors strut over to you, ready to cut!" 
		option1 = "Grab the scissors. Run with them, RUN LIKE THE WIND!" 
		option2 = "Rock beats scissors. Take that." 
		option3 = "Stick the scissors in the wall. Can't get outta that, can you?" 
		option4 = "Tape the scissors. Safety first!"
		req1 = 0
		req2 = 1
		req3 = 2
		req4 = 3
		rew1 = -2
		rew2 = 1
		rew3 = 0
		rew4 = 1
		></type>
		<type name="Encyclopedia" char="B" char2 = 66
		intro = "A GIANT book is sitting in your way. It's scary, smelly, and has alot of stuff in it." 
		option1 = "Spill coffee on the Encyclopedia. You see everyone else do it, might as well try it." 
		option2 = "Burn the Encyclopedia. Better than the good old days." 
		option3 = "Talk to the Encyclopedia. That should do the trick." 
		option4 = "Read the Encyclopedia. Take that Encyclopedia!!!"
		req1 = 0
		req2 = 1
		req3 = 2
		req4 = 3
		rew1 = 0
		rew2 = 0
		rew3 = -1
		rew4 = 1
		></type>
		<Boss name="Ruler" char= "R" char2 = 221
		intro = "This is it. The head honcho. The big baddy. THE RULER! What will you do upon laying eyes on this terror inducing being?" 
		option1 = "Become a willing servant to your ruler. Dummy." 
		option2 = "Burn the ruler. I JUST WANT TO SET THE WORLD ON FIRE!" 
		option3 = "Snap the Ruler over your knee and take his place as overlord of the game. You tyrant." 
		option4 = "Realize this was all just a video game and enter into the real world. Good job, you're smarter than the average gamer."
		req1 = 0
		req2 = 1
		req3 = 2
		req4 = 3
		rew1 = 0
		rew2 = 0
		rew3 = 0
		rew4 = 0
		></Boss>
	</enemies>
</map>