<game>
	<hud>
		<life>1</life>
	</hud>
	<levels>
		<level>
			<Enemies number="2" maxSpeed="1" />
			<player>
				<moveSpeed>5</moveSpeed>
				<fireRate>5</fireRate>
			</player>
		</level>
		<level>
			<Enemies number="3" maxSpeed="2" />
			<player>
				<moveSpeed>3</moveSpeed>
				<fireRate>7</fireRate>
			</player>
		</level>
		<level>
			<Enemies number="5" maxSpeed="5" />
			<player>
				<moveSpeed>3</moveSpeed>
				<fireRate>10</fireRate>
			</player>
		</level>
	</levels>
</game>