﻿<?xml version="1.0"?>
<game>
  <level>
  		<jail>
			<x>17.85</x>
			<y>78.9</y>
			<width>115</width>
			<height>115</height>
		</jail>
    	<platform>
			<x>-5</x>
			<y>-5</y>
			<width>610</width>
			<height>25</height>
		</platform>
		<platform>
			<x>9.35</x>
			<y>191.85</y>
			<width>350</width>
			<height>25</height>
		</platform>
		<platform>
			<x>232.35</x>
			<y>373.8</y>
			<width>350</width>
			<height>25</height>
		</platform>
   	 	<platform>
			<x>-5</x>
			<y>-574</y>
			<width>610</width>
			<height>25</height>
		</platform>
		<wall>
			<x>-8.15</x>
			<y>-6.65</y>
			<width>25</width>
			<height>610</height>
		</wall>
		<wall>
			<x>578</x>
			<y>-7</y>
			<width>25</width>
			<height>610</height>
		</wall>
		<wall>
			<x>218.85</x>
			<y>496.25</y>
			<width>77</width>
			<height>96.1</height>
		</wall>
	</level>
	<level>
    	<platform>
			<x>-5</x>
			<y>-574.8</y>
			<width>610</width>
			<height>25</height>
		</platform>
		<platform>
			<x>157</x>
			<y>-4.05</y>
			<width>442</width>
			<height>25</height>
		</platform>
		<platform>
			<x>236.5</x>
			<y>261.95</y>
			<width>246</width>
			<height>25</height>
		</platform>
   	 	<platform>
			<x>12.85</x>
			<y>136.95</y>
			<width>241.95</width>
			<height>25</height>
		</platform>
		<wall>
			<x>-4.15</x>
			<y>-16.7</y>
			<width>25</width>
			<height>620</height>
		</wall>
		<wall>
			<x>588</x>
			<y>-16.7</y>
			<width>25</width>
			<height>620</height>
		</wall>
		<wall>
			<x>236</x>
			<y>141.85</y>
			<width>25</width>
			<height>136.25</height>
		</wall>
		<wall>
			<x>531.35</x>
			<y>338.25</y>
			<width>73</width>
			<height>88.1</height>
		</wall>
		<wall>
			<x>428.1</x>
			<y>413.35</y>
			<width>90.8</width>
			<height>88.1</height>
		</wall>
		<wall>
			<x>324.85</x>
			<y>499.25</y>
			<width>73</width>
			<height>88</height>
		</wall>
		<box>
			<x>372.85</x>
			<y>197.85</y>
		</box>
		<ladder>
			<x>69.15</x>
			<y>66.7</y>
			<width>43.7</width>
			<height>172.7</height>
		</ladder>
		<enemy>
			<x>154.1</x>
			<y>107.4</y>
		</enemy>
		<enemy>
			<x>249.3</x>
			<y>546.45</y>
		</enemy>
	</level>
</game>
